{
  "current_power": 9.434399991943348,
  "daily_total": 18.87194611658829,
  "peak_power": 10.832882659521244
}