{
  "current_power": 9.875107197055012,
  "daily_total": 19.184117903164637,
  "peak_power": 10.832448399428038
}