{
  "current_power": 4.753136531379785,
  "daily_total": 18.598656212513035,
  "peak_power": 10.832421296789159
}